﻿<?xml version="1.0"?>
<doc>
<assembly>
<name>
ProjectOne
</name>
</assembly>
<members>
<member name="T:ProjectOne.My.Resources.Resources">
<summary>
  A strongly-typed resource class, for looking up localized strings, etc.
</summary>
</member>
<member name="P:ProjectOne.My.Resources.Resources.ResourceManager">
<summary>
  Returns the cached ResourceManager instance used by this class.
</summary>
</member>
<member name="P:ProjectOne.My.Resources.Resources.Culture">
<summary>
  Overrides the current thread's CurrentUICulture property for all
  resource lookups using this strongly typed resource class.
</summary>
</member>
<member name="T:ProjectOne.Database2DataSet">
<summary>
Represents a strongly typed in-memory cache of data.
</summary>
</member>
<member name="T:ProjectOne.Database2DataSet.contatosDataTable">
<summary>
Represents the strongly named DataTable class.
</summary>
</member>
<member name="T:ProjectOne.Database2DataSet.contatosRow">
<summary>
Represents strongly named DataRow class.
</summary>
</member>
<member name="T:ProjectOne.Database2DataSet.contatosRowChangeEvent">
<summary>
Row event argument class
</summary>
</member>
<member name="T:ProjectOne.Database2DataSetTableAdapters.contatosTableAdapter">
<summary>
Represents the connection and commands used to retrieve and save data.
</summary>
</member>
<member name="T:ProjectOne.Database2DataSetTableAdapters.TableAdapterManager">
<summary>
TableAdapterManager is used to coordinate TableAdapters in the dataset to enable Hierarchical Update scenarios
</summary>
</member>
<member name="M:ProjectOne.Database2DataSetTableAdapters.TableAdapterManager.UpdateUpdatedRows(ProjectOne.Database2DataSet,System.Collections.Generic.List{System.Data.DataRow},System.Collections.Generic.List{System.Data.DataRow})">
<summary>
Update rows in top-down order.
</summary>
</member>
<member name="M:ProjectOne.Database2DataSetTableAdapters.TableAdapterManager.UpdateInsertedRows(ProjectOne.Database2DataSet,System.Collections.Generic.List{System.Data.DataRow})">
<summary>
Insert rows in top-down order.
</summary>
</member>
<member name="M:ProjectOne.Database2DataSetTableAdapters.TableAdapterManager.UpdateDeletedRows(ProjectOne.Database2DataSet,System.Collections.Generic.List{System.Data.DataRow})">
<summary>
Delete rows in bottom-up order.
</summary>
</member>
<member name="M:ProjectOne.Database2DataSetTableAdapters.TableAdapterManager.GetRealUpdatedRows(System.Data.DataRow[],System.Collections.Generic.List{System.Data.DataRow})">
<summary>
Remove inserted rows that become updated rows after calling TableAdapter.Update(inserted rows) first
</summary>
</member>
<member name="M:ProjectOne.Database2DataSetTableAdapters.TableAdapterManager.UpdateAll(ProjectOne.Database2DataSet)">
<summary>
Update all changes to the dataset.
</summary>
</member>
<member name="T:ProjectOne.Database2DataSetTableAdapters.TableAdapterManager.UpdateOrderOption">
<summary>
Update Order Option
</summary>
</member>
<member name="T:ProjectOne.Database2DataSetTableAdapters.TableAdapterManager.SelfReferenceComparer">
<summary>
Used to sort self-referenced table's rows
</summary>
</member>
<member name="T:ProjectOne.Database2DataSet1">
<summary>
Represents a strongly typed in-memory cache of data.
</summary>
</member>
<member name="T:ProjectOne.Database2DataSet1.contatosDataTable">
<summary>
Represents the strongly named DataTable class.
</summary>
</member>
<member name="T:ProjectOne.Database2DataSet1.contatosRow">
<summary>
Represents strongly named DataRow class.
</summary>
</member>
<member name="T:ProjectOne.Database2DataSet1.contatosRowChangeEvent">
<summary>
Row event argument class
</summary>
</member>
<member name="T:ProjectOne.Database2DataSet1TableAdapters.contatosTableAdapter">
<summary>
Represents the connection and commands used to retrieve and save data.
</summary>
</member>
<member name="T:ProjectOne.Database2DataSet1TableAdapters.TableAdapterManager">
<summary>
TableAdapterManager is used to coordinate TableAdapters in the dataset to enable Hierarchical Update scenarios
</summary>
</member>
<member name="M:ProjectOne.Database2DataSet1TableAdapters.TableAdapterManager.UpdateUpdatedRows(ProjectOne.Database2DataSet1,System.Collections.Generic.List{System.Data.DataRow},System.Collections.Generic.List{System.Data.DataRow})">
<summary>
Update rows in top-down order.
</summary>
</member>
<member name="M:ProjectOne.Database2DataSet1TableAdapters.TableAdapterManager.UpdateInsertedRows(ProjectOne.Database2DataSet1,System.Collections.Generic.List{System.Data.DataRow})">
<summary>
Insert rows in top-down order.
</summary>
</member>
<member name="M:ProjectOne.Database2DataSet1TableAdapters.TableAdapterManager.UpdateDeletedRows(ProjectOne.Database2DataSet1,System.Collections.Generic.List{System.Data.DataRow})">
<summary>
Delete rows in bottom-up order.
</summary>
</member>
<member name="M:ProjectOne.Database2DataSet1TableAdapters.TableAdapterManager.GetRealUpdatedRows(System.Data.DataRow[],System.Collections.Generic.List{System.Data.DataRow})">
<summary>
Remove inserted rows that become updated rows after calling TableAdapter.Update(inserted rows) first
</summary>
</member>
<member name="M:ProjectOne.Database2DataSet1TableAdapters.TableAdapterManager.UpdateAll(ProjectOne.Database2DataSet1)">
<summary>
Update all changes to the dataset.
</summary>
</member>
<member name="T:ProjectOne.Database2DataSet1TableAdapters.TableAdapterManager.UpdateOrderOption">
<summary>
Update Order Option
</summary>
</member>
<member name="T:ProjectOne.Database2DataSet1TableAdapters.TableAdapterManager.SelfReferenceComparer">
<summary>
Used to sort self-referenced table's rows
</summary>
</member>
</members>
</doc>
